exp,set,idx,n,size,optimal,bound,runtime,reused,vertices,time_limit
E1,ba_m4_n20,0,20,3,True,3.0,0.055534399998578,False,,30.0
E1,ba_m4_n20,1,20,3,True,3.0,0.0516850999993039,False,,30.0
E1,ba_m4_n20,2,20,3,True,3.0,0.0532463000017742,False,,30.0
E1,ba_m4_n20,3,20,4,True,4.0,0.0148728000021947,False,,30.0
E1,ba_m4_n20,4,20,3,True,3.0,0.0145764999979292,False,,30.0
E1,ba_m4_n20,5,20,3,True,3.0,0.0158059000023058,False,,30.0
E1,ba_m4_n20,6,20,3,True,3.0,0.0157345000006898,False,,30.0
E1,ba_m4_n20,7,20,3,True,3.0,0.015493900002184,False,,30.0
E1,ba_m4_n20,8,20,3,True,3.0,0.0162105999988853,False,,30.0
E1,ba_m4_n20,9,20,4,True,4.0,0.0163800000009359,False,,30.0
E1,ba_m4_n20,10,20,3,True,3.0,0.016119299998536,False,,30.0
E1,ba_m4_n20,11,20,3,True,3.0,0.0146225999997113,False,,30.0
E1,ba_m4_n20,12,20,2,True,2.0,0.0151227000023936,False,,30.0
E1,ba_m4_n20,13,20,3,True,3.0,0.0145639999973354,False,,30.0
E1,ba_m4_n20,14,20,2,True,2.0,0.0152226999998674,False,,30.0
E1,ba_m4_n20,15,20,3,True,3.0,0.0151925999998638,False,,30.0
E1,ba_m4_n20,16,20,3,True,3.0,0.0148458000003302,False,,30.0
E1,ba_m4_n20,17,20,3,True,3.0,0.0157183000010263,False,,30.0
E1,ba_m4_n20,18,20,3,True,3.0,0.0044871999998576,False,,30.0
E1,ba_m4_n20,19,20,3,True,3.0,0.0154917999971075,False,,30.0
E1,ba_m4_n50,0,50,6,True,6.0,0.0104117000009864,False,,30.0
E1,ba_m4_n50,1,50,6,True,6.0,0.014822400000412,False,,30.0
E1,ba_m4_n50,2,50,5,True,5.0,0.0152046000002883,False,,30.0
E1,ba_m4_n50,3,50,5,True,5.0,0.0149534999982279,False,,30.0
E1,ba_m4_n50,4,50,7,True,7.0,0.0155315999982121,False,,30.0
E1,ba_m4_n50,5,50,7,True,7.0,0.0154009999969275,False,,30.0
E1,ba_m4_n50,6,50,7,True,7.0,0.0149994999992486,False,,30.0
E1,ba_m4_n50,7,50,7,True,7.0,0.0144384999985049,False,,30.0
E1,ba_m4_n50,8,50,6,True,6.0,0.0142338000005111,False,,30.0
E1,ba_m4_n50,9,50,7,True,7.0,0.0143491000017093,False,,30.0
E1,ba_m4_n50,10,50,7,True,7.0,0.016210099998716,False,,30.0
E1,ba_m4_n50,11,50,7,True,7.0,0.0156596999986504,False,,30.0
E1,ba_m4_n50,12,50,5,True,5.0,0.015628100001777,False,,30.0
E1,ba_m4_n50,13,50,6,True,6.0,0.0140743999982078,False,,30.0
E1,ba_m4_n50,14,50,7,True,7.0,0.0140215999999782,False,,30.0
E1,ba_m4_n50,15,50,6,True,6.0,0.0134543000021949,False,,30.0
E1,ba_m4_n50,16,50,6,True,6.0,0.0162353000014263,False,,30.0
E1,ba_m4_n50,17,50,6,True,6.0,0.01618629999939,False,,30.0
E1,ba_m4_n50,18,50,6,True,6.0,0.016068400000222,False,,30.0
E1,ba_m4_n50,19,50,7,True,7.0,0.0153629999986151,False,,30.0
E1,ba_m4_n100,0,100,13,True,13.0,0.0312209999974584,False,,30.0
E1,ba_m4_n100,1,100,13,True,13.0,0.0481785000010859,False,,30.0
E1,ba_m4_n100,2,100,12,True,12.0,0.0947057999983371,False,,30.0
E1,ba_m4_n100,3,100,12,True,12.0,0.0480950999990454,False,,30.0
E1,ba_m4_n100,4,100,12,True,12.0,0.0469346000027144,False,,30.0
E1,ba_m4_n100,5,100,13,True,13.0,0.0460564999993948,False,,30.0
E1,ba_m4_n100,6,100,12,True,12.0,0.0446541999990586,False,,30.0
E1,ba_m4_n100,7,100,12,True,12.0,0.0624926000018604,False,,30.0
E1,ba_m4_n100,8,100,12,True,12.0,0.1275392000025021,False,,30.0
E1,ba_m4_n100,9,100,11,True,11.0,0.0796377000006032,False,,30.0
E1,ba_m4_n100,10,100,12,True,12.0,0.096886600000289,False,,30.0
E1,ba_m4_n100,11,100,12,True,12.0,0.0625890000010258,False,,30.0
E1,ba_m4_n100,12,100,14,True,14.0,0.0752016999977058,False,,30.0
E1,ba_m4_n100,13,100,12,True,12.0,0.0431331999971007,False,,30.0
E1,ba_m4_n100,14,100,13,True,13.0,0.0603719999999157,False,,30.0
E1,ba_m4_n100,15,100,12,True,12.0,0.0288906999994651,False,,30.0
E1,ba_m4_n100,16,100,12,True,12.0,0.0454925000012735,False,,30.0
E1,ba_m4_n100,17,100,13,True,13.0,0.2814962000011292,False,,30.0
E1,ba_m4_n100,18,100,12,True,12.0,0.0292031999997561,False,,30.0
E1,ba_m4_n100,19,100,12,True,12.0,0.2384407999998075,False,,30.0
E1,ba_m4_n200,0,200,23,True,23.0,28.73458409999876,False,,30.0
E1,ba_m4_n200,1,200,22,True,22.0,0.1092886000005819,False,,30.0
E1,ba_m4_n200,2,200,22,True,22.0,3.515319599999202,False,,30.0
E1,ba_m4_n200,3,200,25,True,25.0,0.2422495999999228,False,,30.0
E1,ba_m4_n200,4,200,22,True,22.0,0.8479623000021093,False,,30.0
E1,ba_m4_n200,5,200,23,True,23.0,16.074130199998763,False,,30.0
E1,ba_m4_n200,6,200,22,True,22.0,0.2005717000029108,False,,30.0
E1,ba_m4_n200,7,200,24,True,24.0,2.3119961000011244,False,,30.0
E1,ba_m4_n200,8,200,21,True,21.0,1.030158499997924,False,,30.0
E1,ba_m4_n200,9,200,24,True,24.0,14.553869699997447,False,,30.0
E1,ba_m4_n200,10,200,23,True,23.0,1.038568200001464,False,,30.0
E1,ba_m4_n200,11,200,24,True,24.0,0.3600246999994851,False,,30.0
E1,ba_m4_n200,12,200,23,True,23.0,28.901295100000425,False,,30.0
E1,ba_m4_n200,13,200,25,True,25.0,6.901533899999777,False,,30.0
E1,ba_m4_n200,14,200,23,True,23.0,0.3858166999998502,False,,30.0
E1,ba_m4_n200,15,200,24,True,24.0,0.968507800000225,False,,30.0
E1,ba_m4_n200,16,200,22,True,22.0,0.5982973000027414,False,,30.0
E1,ba_m4_n200,17,200,23,True,23.0,55.1947954999996,False,,60.0
E1,ba_m4_n200,18,200,21,True,21.0,2.6925974000005226,False,,30.0
E1,ba_m4_n200,19,200,23,True,23.0,7.835211800000252,False,,30.0
E1,ba_m4_n500,0,500,51,False,50.0,60.14087190000282,False,,60.0
E1,ba_m4_n500,1,500,56,False,51.0,60.07795790000091,False,,60.0
E1,ba_m4_n500,2,500,50,False,45.0,60.04676200000176,False,,60.0
E1,ba_m4_n500,3,500,57,False,46.0,60.045936799997435,False,,60.0
E1,ba_m4_n500,4,500,56,False,50.0,60.05150499999945,False,,60.0
E1,ba_m4_n500,5,500,55,False,51.0,60.05649899999844,False,,60.0
E1,ba_m4_n500,6,500,53,False,40.0,60.05106389999855,False,,60.0
E1,ba_m4_n500,7,500,55,False,46.0,60.050369200002024,False,,60.0
E1,ba_m4_n500,8,500,54,False,53.0,60.04834669999764,False,,60.0
E1,ba_m4_n500,9,500,51,False,46.0,60.05480819999866,False,,60.0
E1,ba_m4_n500,10,500,57,False,48.0,60.036970299999666,False,,60.0
E1,ba_m4_n500,11,500,54,False,52.0,60.04828339999949,False,,60.0
E1,ba_m4_n500,12,500,55,False,48.0,60.05850070000088,False,,60.0
E1,ba_m4_n500,13,500,59,False,50.0,60.05422200000248,False,,60.0
E1,ba_m4_n500,14,500,58,False,48.0,60.05687039999975,False,,60.0
E1,ba_m4_n500,15,500,52,False,41.0,60.04672620000201,False,,60.0
E1,ba_m4_n500,16,500,63,False,49.0,60.046607200001745,False,,60.0
E1,ba_m4_n500,17,500,54,False,48.0,60.05482940000002,False,,60.0
E1,ba_m4_n500,18,500,55,False,50.0,60.049936100000195,False,,60.0
E1,ba_m4_n500,19,500,53,False,49.0,60.033369500000845,False,,60.0
E1,er_d8_n20,0,20,3,True,3.0,0.0679811000009067,False,,30.0
E1,er_d8_n20,1,20,4,True,4.0,0.0651041999990411,False,,30.0
E1,er_d8_n20,2,20,3,True,3.0,0.055479100001321,False,,30.0
E1,er_d8_n20,3,20,3,True,3.0,0.0163243999995756,False,,30.0
E1,er_d8_n20,4,20,3,True,3.0,0.015841200000068,False,,30.0
E1,er_d8_n20,5,20,3,True,3.0,0.0142773999996279,False,,30.0
E1,er_d8_n20,6,20,3,True,3.0,0.0141260999989754,False,,30.0
E1,er_d8_n20,7,20,3,True,3.0,0.0138838999992003,False,,30.0
E1,er_d8_n20,8,20,3,True,3.0,0.0150108999987423,False,,30.0
E1,er_d8_n20,9,20,2,True,2.0,0.0150011999994603,False,,30.0
E1,er_d8_n20,10,20,3,True,3.0,0.0150673999996797,False,,30.0
E1,er_d8_n20,11,20,3,True,3.0,0.0155613000006269,False,,30.0
E1,er_d8_n20,12,20,3,True,3.0,0.0154013999999733,False,,30.0
E1,er_d8_n20,13,20,3,True,3.0,0.0154980999996041,False,,30.0
E1,er_d8_n20,14,20,3,True,3.0,0.0158193000006576,False,,30.0
E1,er_d8_n20,15,20,3,True,3.0,0.0158582000003661,False,,30.0
E1,er_d8_n20,16,20,3,True,3.0,0.0157699999999749,False,,30.0
E1,er_d8_n20,17,20,3,True,3.0,0.0149734000005992,False,,30.0
E1,er_d8_n20,18,20,2,True,2.0,0.0149430000001302,False,,30.0
E1,er_d8_n20,19,20,4,True,4.0,0.0149346000016521,False,,30.0
E1,er_d8_n50,0,50,7,True,7.0,0.047150700000202,False,,30.0
E1,er_d8_n50,1,50,8,True,8.0,0.0325711000004957,False,,30.0
E1,er_d8_n50,2,50,7,True,7.0,0.1144757000001845,False,,30.0
E1,er_d8_n50,3,50,8,True,8.0,0.0301182999992306,False,,30.0
E1,er_d8_n50,4,50,7,True,7.0,0.0310100999995484,False,,30.0
E1,er_d8_n50,5,50,8,True,8.0,0.124002599999585,False,,30.0
E1,er_d8_n50,6,50,8,True,8.0,0.1410652000013215,False,,30.0
E1,er_d8_n50,7,50,8,True,8.0,0.0574739000003319,False,,30.0
E1,er_d8_n50,8,50,8,True,8.0,0.030119699998977,False,,30.0
E1,er_d8_n50,9,50,8,True,8.0,0.0310989999998128,False,,30.0
E1,er_d8_n50,10,50,8,True,8.0,0.0302346999997098,False,,30.0
E1,er_d8_n50,11,50,7,True,7.0,0.0320537000006879,False,,30.0
E1,er_d8_n50,12,50,7,True,7.0,0.0129623000011633,False,,30.0
E1,er_d8_n50,13,50,8,True,8.0,0.0317560999992565,False,,30.0
E1,er_d8_n50,14,50,9,True,9.0,0.0625829000000521,False,,30.0
E1,er_d8_n50,15,50,8,True,8.0,0.0447877999995398,False,,30.0
E1,er_d8_n50,16,50,8,True,8.0,0.0306197999998403,False,,30.0
E1,er_d8_n50,17,50,8,True,8.0,0.0639664999998785,False,,30.0
E1,er_d8_n50,18,50,8,True,8.0,0.0338785999992978,False,,30.0
E1,er_d8_n50,19,50,7,True,7.0,0.0459773000002314,False,,30.0
E1,er_d8_n100,0,100,16,True,16.0,2.5995512999998027,False,,30.0
E1,er_d8_n100,1,100,15,True,15.0,1.559871999999814,False,,30.0
E1,er_d8_n100,2,100,17,True,17.0,0.9546583000010288,False,,30.0
E1,er_d8_n100,3,100,15,True,15.0,1.4434135999999853,False,,30.0
E1,er_d8_n100,4,100,15,True,15.0,2.59610579999935,False,,30.0
E1,er_d8_n100,5,100,17,False,16.0,30.025046600001588,False,,30.0
E1,er_d8_n100,6,100,16,True,16.0,2.707745599998816,False,,30.0
E1,er_d8_n100,7,100,16,True,16.0,1.5815677999999025,False,,30.0
E1,er_d8_n100,8,100,16,True,16.0,6.659645900001124,False,,30.0
E1,er_d8_n100,9,100,15,True,15.0,2.618451600001208,False,,30.0
E1,er_d8_n100,10,100,16,True,16.0,12.084403400000156,False,,30.0
E1,er_d8_n100,11,100,15,True,15.0,3.3687716999993427,False,,30.0
E1,er_d8_n100,12,100,17,True,17.0,6.611458400000629,False,,30.0
E1,er_d8_n100,13,100,15,True,15.0,0.6034022000003461,False,,30.0
E1,er_d8_n100,14,100,16,True,16.0,9.296400999999603,False,,30.0
E1,er_d8_n100,15,100,16,True,16.0,0.4194318000008934,False,,30.0
E1,er_d8_n100,16,100,16,True,16.0,3.2898299999997107,False,,30.0
E1,er_d8_n100,17,100,18,True,18.0,0.5595487999999023,False,,30.0
E1,er_d8_n100,18,100,17,True,17.0,14.794498799999928,False,,30.0
E1,er_d8_n100,19,100,15,True,15.0,3.7522471000011137,False,,30.0
E1,er_d8_n200,0,200,30,False,28.0,30.042948599999363,False,,30.0
E1,er_d8_n200,1,200,31,False,27.0,30.02533669999866,False,,30.0
E1,er_d8_n200,2,200,33,False,28.0,30.04978360000132,False,,30.0
E1,er_d8_n200,3,200,31,False,26.0,30.03170239999963,False,,30.0
E1,er_d8_n200,4,200,30,False,24.0,30.035859399999023,False,,30.0
E1,er_d8_n200,5,200,32,False,26.0,30.038904499999266,False,,30.0
E1,er_d8_n200,6,200,31,False,26.0,30.04430920000049,False,,30.0
E1,er_d8_n200,7,200,32,False,27.0,30.03306949999933,False,,30.0
E1,er_d8_n200,8,200,33,False,28.0,30.040970400001243,False,,30.0
E1,er_d8_n200,9,200,31,False,28.0,30.098583499999226,False,,30.0
E1,er_d8_n200,10,200,31,False,27.0,30.08759420000024,False,,30.0
E1,er_d8_n200,11,200,31,False,29.0,30.05445139999938,False,,30.0
E1,er_d8_n200,12,200,30,False,25.0,30.040308799998456,False,,30.0
E1,er_d8_n200,13,200,32,False,27.0,30.032758000001195,False,,30.0
E1,er_d8_n200,14,200,32,False,28.0,30.02883970000039,False,,30.0
E1,er_d8_n200,15,200,31,False,26.0,30.055649099998845,False,,30.0
E1,er_d8_n200,16,200,29,False,27.0,30.03230059999987,False,,30.0
E1,er_d8_n200,17,200,31,False,26.0,30.033807499999966,False,,30.0
E1,er_d8_n200,18,200,30,False,27.0,30.03752060000079,False,,30.0
E1,er_d8_n200,19,200,31,False,26.0,30.043309800001225,False,,30.0
E1,er_d8_n500,0,500,81,False,61.0,30.061852799999546,False,,30.0
E1,er_d8_n500,1,500,77,False,52.0,30.053073700000823,False,,30.0
E1,er_d8_n500,2,500,79,False,54.0,30.04203049999888,False,,30.0
E1,er_d8_n500,3,500,79,False,60.0,30.0711349000012,False,,30.0
E1,er_d8_n500,4,500,76,False,55.0,30.058706199999506,False,,30.0
E1,er_d8_n500,5,500,82,False,65.0,30.05877330000112,False,,30.0
E1,er_d8_n500,6,500,79,False,54.0,30.308705200000983,False,,30.0
E1,er_d8_n500,7,500,78,False,58.0,30.05114630000025,False,,30.0
E1,er_d8_n500,8,500,78,False,55.0,30.066557699999976,False,,30.0
E1,er_d8_n500,9,500,77,False,53.0,30.15552209999987,False,,30.0
E1,er_d8_n500,10,500,80,False,61.0,30.06906859999981,False,,30.0
E1,er_d8_n500,11,500,79,False,57.0,30.079563100000087,False,,30.0
E1,er_d8_n500,12,500,79,False,58.0,30.06297590000031,False,,30.0
E1,er_d8_n500,13,500,80,False,57.0,30.07765819999986,False,,30.0
E1,er_d8_n500,14,500,80,False,61.0,30.08440680000058,False,,30.0
E1,er_d8_n500,15,500,80,False,54.0,30.05906870000036,False,,30.0
E1,er_d8_n500,16,500,76,False,56.0,30.0492377999999,False,,30.0
E1,er_d8_n500,17,500,76,False,56.0,30.089714700001423,False,,30.0
E1,er_d8_n500,18,500,80,False,58.0,30.12946349999948,False,,30.0
E1,er_d8_n500,19,500,82,False,59.0,30.10672400000112,False,,30.0
E2,grid,0,25,9,True,9.0,0.0254291000001103,False,,30.0
E2,grid,1,64,20,True,20.0,0.0312615000002551,False,,30.0
E2,grid,2,100,30,True,30.0,0.0630423000002338,False,,30.0
E2,grid,3,144,42,True,42.0,0.126397399999405,False,,30.0
E2,grid,4,225,63,True,63.0,0.1721619999989343,False,,30.0
E2,grid,5,400,110,True,110.0,0.4488294000002497,False,,30.0
E2,tri,0,25,7,True,7.0,0.019420299999183,False,,30.0
E2,tri,1,64,16,True,16.0,0.1007040999993478,False,,30.0
E2,tri,2,100,23,True,23.0,0.5980720000006841,False,,30.0
E2,tri,3,144,32,True,32.0,1.6813351000000694,False,,30.0
E2,tri,4,225,50,False,49.0,30.031044499999552,False,,30.0
E2,tri,5,400,87,False,81.0,30.097069000001284,False,,30.0
E2,hex,0,26,14,True,14.0,0.0141581000007136,False,,30.0
E2,hex,1,62,26,True,26.0,0.0230185000000346,False,,30.0
E2,hex,2,98,42,True,42.0,0.0622194000006857,False,,30.0
E2,hex,3,142,54,True,54.0,0.112511600000289,False,,30.0
E2,hex,4,222,88,True,88.0,0.4092034999994212,False,,30.0
E2,hex,5,390,148,True,148.0,5.034436800000549,False,,30.0
