family,n,graphs,ILP proven,"optimum (mean, proven)",Greedy gap %,Greedy+RR gap %,Greedy+RR+LS gap %,GNN-RL gap %,GNN-RL+RR gap %,GNN-RL+RR+LS gap %
er_d8,20,20,20,3.0,6.67,5.00,0.00,4.17 ± 1.18,4.17 ± 1.18,0.83 ± 1.18
er_d8,50,20,20,7.8,11.47,10.84,3.30,7.28 ± 1.07,7.28 ± 1.07,2.95 ± 0.51
er_d8,100,20,19,15.9,10.51,9.21,2.02,5.33 ± 1.38,5.33 ± 1.38,2.51 ± 1.27
er_d8,200,20,0,--,--,--,--,--,--,--
er_d8,500,20,0,--,--,--,--,--,--,--
ba_m4,20,20,20,3.0,0.00,0.00,0.00,0.83 ± 1.18,0.00 ± 0.00,0.00 ± 0.00
ba_m4,50,20,20,6.3,6.64,5.81,1.00,1.99 ± 1.63,1.99 ± 1.63,0.00 ± 0.00
ba_m4,100,20,20,12.3,6.87,6.10,1.70,5.72 ± 0.59,5.54 ± 0.84,1.50 ± 0.88
ba_m4,200,20,20,22.9,7.36,5.21,0.68,5.12 ± 1.68,4.79 ± 1.53,0.65 ± 0.62
ba_m4,500,20,0,--,--,--,--,--,--,--
